frame,chest_y,shoulder_width,timestamp
0,0.39278,0.18528,0.241
1,0.38919,0.18519,0.288
2,0.39061,0.18692,0.327
3,0.39586,0.18561,0.368
4,0.39704,0.18605,0.405
5,0.39255,0.18123,0.445
6,0.39464,0.18758,0.484
7,0.38847,0.18613,0.521
8,0.39338,0.18625,0.56
9,0.39681,0.18686,0.601
10,0.39687,0.18816,0.63
11,0.4005,0.18701,0.676
12,0.39549,0.18322,0.714
13,0.39837,0.18742,0.738
14,0.39863,0.18888,0.794
15,0.39556,0.18706,0.833
16,0.40243,0.19163,0.87
17,0.39801,0.18811,0.91
18,0.39837,0.18985,0.95
19,0.39909,0.19229,0.988
20,0.39227,0.19089,1.011
21,0.39559,0.18787,1.052
22,0.39558,0.18976,1.091
23,0.39849,0.19068,1.114
24,0.39358,0.19161,1.169
25,0.39518,0.1894,1.209
26,0.39737,0.18993,1.247
27,0.39388,0.1905,1.286
28,0.39223,0.1891,1.309
29,0.39086,0.18862,1.364
30,0.39181,0.18896,1.404
31,0.39422,0.18799,1.441
32,0.39272,0.18862,1.48
33,0.39267,0.18763,1.52
34,0.38992,0.18877,1.559
35,0.39483,0.19366,1.599
36,0.39535,0.19386,1.638
37,0.39091,0.18807,1.676
38,0.39203,0.18842,1.717
39,0.39225,0.18973,1.755
40,0.39238,0.18894,1.793
41,0.39195,0.1903,1.834
42,0.39183,0.18924,1.872
43,0.38916,0.18837,1.914
44,0.39063,0.18985,1.952
45,0.3924,0.19016,1.993
46,0.39261,0.19239,2.032
47,0.39377,0.19343,2.072
48,0.39058,0.18863,2.11
49,0.39248,0.18996,2.15
50,0.39811,0.19577,2.182
51,0.39139,0.18886,2.221
52,0.39104,0.18872,2.259
53,0.39093,0.18816,2.306
54,0.39613,0.19139,2.339
55,0.39222,0.18861,2.385
56,0.39432,0.19006,2.427
57,0.3994,0.19209,2.465
58,0.39551,0.18875,2.503
59,0.3964,0.19085,2.542
60,0.39356,0.18768,2.569
61,0.39651,0.18939,2.591
62,0.39356,0.18629,2.647
63,0.39216,0.18693,2.686
64,0.39865,0.18922,2.726
65,0.39559,0.18779,2.764
66,0.39941,0.18991,2.804
67,0.39945,0.18748,2.844
68,0.39249,0.18449,2.883
69,0.3958,0.18559,2.922
70,0.39334,0.18532,2.953
71,0.39308,0.18366,2.992
72,0.39794,0.18715,3.039
73,0.39672,0.1851,3.071
74,0.39565,0.18375,3.116
75,0.39607,0.18602,3.141
76,0.39996,0.18724,3.188
77,0.39685,0.18482,3.234
78,0.39657,0.18477,3.273
79,0.39846,0.18557,3.313
80,0.39677,0.18676,3.337
81,0.39504,0.18442,3.393
82,0.39924,0.18622,3.433
83,0.39572,0.18562,3.47
84,0.3921,0.18373,3.496
85,0.39542,0.18601,3.549
86,0.39657,0.18569,3.574
87,0.39744,0.1858,3.614
88,0.39453,0.18407,3.654
89,0.39718,0.18616,3.694
90,0.39413,0.18281,3.733
91,0.39505,0.18538,3.772
92,0.39181,0.18507,3.795
93,0.39422,0.18525,3.85
94,0.39454,0.18572,3.886
95,0.3967,0.18677,3.92
96,0.39045,0.18514,3.968
97,0.39603,0.18462,3.991
98,0.39046,0.1842,4.046
99,0.39123,0.18449,4.077
100,0.39083,0.18338,4.124
101,0.39093,0.18323,4.162
102,0.39029,0.18285,4.187
103,0.39442,0.18331,4.242
104,0.39519,0.18553,4.283
105,0.39555,0.18603,4.323
106,0.39361,0.18413,4.36
107,0.39486,0.18299,4.4
108,0.39207,0.18364,4.439
109,0.39366,0.18404,4.476
110,0.39757,0.18533,4.517
111,0.39383,0.18529,4.547
112,0.39092,0.17958,4.595
113,0.39521,0.18555,4.625
114,0.38998,0.18209,4.672
115,0.39362,0.18215,4.71
116,0.38836,0.17957,4.752
117,0.39096,0.1817,4.774
118,0.38975,0.18051,4.82
119,0.3911,0.17935,4.852
120,0.38875,0.1848,4.907
121,0.38941,0.18252,4.945
122,0.39187,0.18319,4.98
123,0.39381,0.18539,5.022
124,0.39498,0.18433,5.062
125,0.388,0.1795,5.101
126,0.39516,0.1835,5.141
127,0.39334,0.18374,5.18
128,0.3939,0.18466,5.221
129,0.39402,0.18415,5.262
130,0.39247,0.18414,5.302
131,0.39444,0.1863,5.325
132,0.39089,0.18498,5.379
133,0.39498,0.18468,5.419
134,0.39145,0.18438,5.457
135,0.38972,0.1793,5.496
136,0.39242,0.18504,5.534
137,0.3932,0.18582,5.576
138,0.39467,0.18377,5.615
139,0.39055,0.1852,5.636
140,0.38882,0.17852,5.692
141,0.39213,0.18021,5.73
142,0.39055,0.1822,5.77
143,0.39184,0.18338,5.809
144,0.39217,0.18396,5.85
145,0.39365,0.18488,5.889
146,0.38762,0.18008,5.929
147,0.39006,0.18141,5.968
148,0.39265,0.18319,6.008
149,0.39242,0.18341,6.048
150,0.39441,0.18623,6.085
151,0.39375,0.1837,6.125
152,0.39491,0.18524,6.165
153,0.39322,0.18578,6.192
154,0.39219,0.18431,6.244
155,0.3907,0.18396,6.283
156,0.39116,0.18508,6.323
157,0.39049,0.18497,6.362
158,0.39471,0.1873,6.402
159,0.39248,0.1861,6.44
160,0.39316,0.18513,6.479
161,0.39249,0.1881,6.502
162,0.39349,0.18713,6.55
163,0.39149,0.18778,6.596
164,0.39287,0.18833,6.636
165,0.39382,0.18739,6.674
166,0.39284,0.1871,6.716
167,0.39852,0.18636,6.753
168,0.39481,0.18693,6.776
169,0.39608,0.18581,6.832
170,0.39713,0.187,6.872
171,0.3951,0.18824,6.911
172,0.39563,0.19013,6.942
173,0.39415,0.18864,6.989
174,0.39245,0.18699,7.031
175,0.398,0.19008,7.07
176,0.39597,0.18884,7.109
177,0.39397,0.18761,7.148
178,0.39921,0.19134,7.188
179,0.39661,0.19262,7.214
180,0.39875,0.19266,7.251
181,0.39739,0.18989,7.291
182,0.39556,0.18982,7.346
183,0.39374,0.19002,7.384
184,0.39871,0.1924,7.423
185,0.3942,0.19232,7.465
186,0.39542,0.19526,7.503
187,0.39453,0.19307,7.543
188,0.39668,0.19201,7.582
189,0.39412,0.19314,7.613
190,0.39468,0.19355,7.66
191,0.39514,0.19421,7.698
192,0.39382,0.19586,7.736
193,0.39034,0.19723,7.775
194,0.39225,0.19485,7.798
195,0.3938,0.19769,7.835
196,0.39282,0.19693,7.89
197,0.39033,0.19465,7.931
198,0.39104,0.19435,7.97
199,0.39013,0.19537,8.009
200,0.38805,0.19422,8.048
201,0.39008,0.19607,8.079
202,0.38918,0.1944,8.127
203,0.38802,0.1949,8.166
204,0.39018,0.19691,8.205
205,0.38928,0.19623,8.231
206,0.38745,0.1961,8.283
207,0.38922,0.198,8.323
208,0.3877,0.1957,8.348
209,0.38729,0.19423,8.404
210,0.38704,0.19523,8.444
211,0.38611,0.19374,8.476
212,0.38694,0.19434,8.522
213,0.38722,0.19576,8.553
214,0.38701,0.19499,8.599
215,0.38689,0.19597,8.639
216,0.38701,0.19545,8.677
217,0.38798,0.19637,8.719
218,0.38755,0.19417,8.758
219,0.38794,0.19653,8.799
220,0.38639,0.19563,8.838
221,0.38621,0.19533,8.878
222,0.38742,0.19509,8.918
223,0.38646,0.19752,8.942
224,0.38582,0.19405,8.983
225,0.3863,0.19445,9.007
226,0.38584,0.19429,9.059
227,0.38477,0.19428,9.1
228,0.38929,0.19608,9.14
229,0.3886,0.19597,9.179
230,0.39062,0.19573,9.218
231,0.38872,0.19523,9.257
232,0.39108,0.19559,9.298
233,0.38843,0.19555,9.337
234,0.39258,0.19615,9.379
235,0.39133,0.1931,9.42
236,0.39144,0.19593,9.444
237,0.39493,0.19514,9.499
238,0.39149,0.19864,9.539
239,0.39089,0.19594,9.578
240,0.39098,0.19373,9.618
241,0.39303,0.19571,9.656
242,0.39214,0.19446,9.696
243,0.39761,0.19381,9.736
244,0.39893,0.19573,9.775
245,0.3996,0.19409,9.814
246,0.4011,0.19516,9.854
247,0.39779,0.1949,9.891
248,0.39873,0.19447,9.933
249,0.39648,0.19561,9.973
250,0.3992,0.19276,10.004
251,0.39875,0.19111,10.043
252,0.39837,0.19289,10.09
253,0.39711,0.18984,10.13
254,0.39943,0.1897,10.17
255,0.39972,0.19147,10.21
256,0.39926,0.1931,10.25
257,0.39543,0.19091,10.289
258,0.39618,0.19157,10.329
259,0.39639,0.18969,10.354
260,0.3972,0.19003,10.409
261,0.39595,0.18807,10.449
262,0.39551,0.18789,10.489
263,0.39626,0.18751,10.528
264,0.3937,0.18789,10.567
265,0.39513,0.18622,10.607
266,0.39655,0.18604,10.646
267,0.3989,0.18562,10.684
268,0.39681,0.18623,10.725
269,0.3958,0.18675,10.764
270,0.39781,0.18842,10.802
271,0.39669,0.18676,10.842
272,0.39607,0.18696,10.881
273,0.39554,0.18259,10.92
274,0.39628,0.18847,10.959
275,0.39502,0.18798,11.001
276,0.39356,0.18411,11.041
277,0.39425,0.18445,11.079
278,0.39538,0.18496,11.119
279,0.39162,0.18436,11.16
280,0.39712,0.18508,11.201
281,0.39461,0.18467,11.233
282,0.39377,0.18526,11.279
283,0.39483,0.18533,11.302
284,0.3962,0.18497,11.358
285,0.39656,0.18432,11.398
286,0.3975,0.18423,11.437
287,0.39366,0.18161,11.46
288,0.39609,0.18432,11.501
289,0.39578,0.1867,11.541
290,0.39757,0.18732,11.581
291,0.3979,0.18667,11.605
292,0.40032,0.18976,11.645
293,0.39557,0.18726,11.687
294,0.39813,0.18751,11.743
295,0.39897,0.18972,11.782
296,0.39693,0.18771,11.821
297,0.39915,0.1891,11.852
298,0.39663,0.18532,11.902
299,0.39372,0.18565,11.942
300,0.39846,0.19146,11.966
301,0.39713,0.18754,12.012
302,0.39632,0.18548,12.061
303,0.39739,0.18569,12.102
304,0.39339,0.18745,12.142
305,0.39469,0.18968,12.181
306,0.3971,0.18869,12.221
307,0.39508,0.18866,12.261
308,0.39298,0.18609,12.3
309,0.39574,0.18941,12.341
310,0.39696,0.18999,12.381
311,0.39669,0.18665,12.419
312,0.39722,0.19039,12.459
313,0.39706,0.18852,12.5
314,0.3953,0.18624,12.54
315,0.39674,0.18682,12.562
316,0.39724,0.1878,12.604
317,0.398,0.18862,12.657
318,0.39592,0.18778,12.697
319,0.39637,0.18757,12.737
320,0.39859,0.18801,12.776
321,0.39868,0.18661,12.8
322,0.39846,0.18576,12.856
323,0.39468,0.1872,12.896
324,0.39506,0.18511,12.937
325,0.39573,0.18755,12.977
326,0.39651,0.18813,13.001
327,0.39617,0.18715,13.056
328,0.39626,0.18744,13.094
329,0.39767,0.18962,13.118
330,0.39894,0.18846,13.173
331,0.39716,0.18836,13.213
332,0.3939,0.18734,13.253
333,0.40108,0.19675,13.293
334,0.40803,0.19952,13.323
335,0.40569,0.19524,13.354
336,0.40695,0.19703,13.382
337,0.4,0.19578,13.433
338,0.39733,0.1915,13.472
339,0.40251,0.18818,13.494
340,0.40281,0.19065,13.549
341,0.3814,0.18397,13.589
342,0.30805,0.15663,13.628
343,0.32179,0.16388,13.651
344,0.34711,0.21835,13.707
345,0.36736,0.23163,13.739
346,0.38274,0.24776,13.785
347,0.39444,0.23144,13.809
349,0.47016,0.26015,13.902
353,0.37918,0.19282,13.989
356,0.35527,0.14658,14.105
357,0.39615,0.18511,14.143
358,0.43339,0.21427,14.183
359,0.49943,0.1827,14.223
360,0.36193,0.22319,14.262
362,0.38313,0.21584,14.342
363,0.37982,0.21877,14.382
364,0.39818,0.25331,14.421
365,0.38594,0.23021,14.46
366,0.39284,0.23843,14.499
367,0.42419,0.20759,14.538
368,0.37739,0.25769,14.577
369,0.39615,0.2655,14.617
370,0.45764,0.18903,14.657
371,0.38652,0.25734,14.697
374,0.42788,0.29861,14.817
375,0.44139,0.28139,14.856
379,0.38541,0.20977,14.985
380,0.3718,0.17665,15.025
381,0.40668,0.2402,15.063
382,0.4539,0.26704,15.101
383,0.47254,0.26377,15.14
384,0.46724,0.2693,15.178
385,0.46793,0.27465,15.217
386,0.45824,0.2701,15.255
387,0.48628,0.28584,15.284
388,0.48459,0.27642,15.335
389,0.48794,0.29083,15.374
390,0.4812,0.29729,15.414
391,0.48615,0.30023,15.453
392,0.49279,0.31724,15.484
393,0.48846,0.30936,15.518
394,0.57441,0.31075,15.559
395,0.57441,0.31075,15.599
396,0.63564,0.29991,15.639
397,0.66013,0.31828,15.677
398,0.65006,0.31251,15.708
399,0.67342,0.31749,15.756
400,0.70956,0.31656,15.796
401,0.71782,0.31895,15.835
402,0.71014,0.32187,15.874
403,0.71794,0.32061,15.914
404,0.72443,0.30763,15.954
405,0.73801,0.29798,15.992
406,0.73362,0.29475,16.031
407,0.72861,0.30978,16.073
408,0.69856,0.31657,16.112
409,0.65776,0.30535,16.152
410,0.6345,0.30656,16.192
411,0.62685,0.3193,16.231
412,0.61797,0.32179,16.273
413,0.61264,0.31746,16.312
414,0.59121,0.32144,16.352
415,0.57425,0.32469,16.392
416,0.56189,0.32401,16.432
417,0.55234,0.32623,16.474
418,0.53681,0.32435,16.513
419,0.53484,0.32261,16.551
420,0.5354,0.32989,16.593
421,0.52306,0.33122,16.616
422,0.51672,0.32495,16.64
423,0.49704,0.33006,16.695
424,0.49245,0.32339,16.735
425,0.48444,0.32613,16.773
426,0.46611,0.30982,16.813
427,0.46615,0.31263,16.874
428,0.46809,0.31532,16.915
429,0.46809,0.31532,16.954
430,0.4711,0.31985,16.985
431,0.46257,0.32236,17.033
432,0.46257,0.32236,17.07
433,0.46335,0.32072,17.094
434,0.46183,0.32905,17.149
435,0.46183,0.32905,17.185
436,0.45747,0.32562,17.227
437,0.45558,0.32951,17.267
438,0.45558,0.32951,17.307
439,0.46239,0.32583,17.346
440,0.4665,0.3255,17.386
441,0.4651,0.31944,17.426
442,0.46364,0.32354,17.449
443,0.46166,0.31885,17.488
444,0.46169,0.32026,17.528
445,0.46957,0.3189,17.566
446,0.45969,0.31751,17.621
447,0.46708,0.32385,17.66
448,0.46604,0.31813,17.699
449,0.46448,0.31681,17.741
450,0.45909,0.313,17.78
451,0.46752,0.31421,17.803
452,0.46237,0.31166,17.859
453,0.459,0.31084,17.899
454,0.47757,0.3061,17.941
455,0.46313,0.3088,17.972
456,0.46287,0.30539,18.002
457,0.46623,0.3096,18.043
458,0.46929,0.30971,18.098
459,0.46432,0.31138,18.121
460,0.46943,0.30779,18.161
461,0.47317,0.3125,18.187
462,0.47098,0.31147,18.242
463,0.46641,0.31075,18.282
464,0.47221,0.30832,18.321
465,0.46965,0.31106,18.352
466,0.46836,0.3051,18.4
467,0.46841,0.30842,18.437
468,0.46747,0.30984,18.474
469,0.47077,0.31277,18.498
470,0.47223,0.30864,18.553
471,0.46631,0.30564,18.592
472,0.46828,0.31238,18.633
473,0.4687,0.30923,18.675
474,0.47288,0.3148,18.699
475,0.47245,0.31124,18.743
476,0.46712,0.3115,18.783
477,0.47197,0.31158,18.821
478,0.46883,0.31138,18.86
479,0.47676,0.31154,18.899
480,0.46448,0.31017,18.939
481,0.46596,0.31054,18.978
482,0.46825,0.31549,19.018
483,0.46136,0.31105,19.058
484,0.46766,0.31107,19.098
485,0.46611,0.31344,19.136
486,0.4742,0.31304,19.16
487,0.47317,0.31554,19.216
488,0.46386,0.31494,19.256
489,0.46705,0.31717,19.295
490,0.47052,0.32132,19.335
491,0.47052,0.32132,19.377
492,0.46926,0.31543,19.416
493,0.47213,0.31424,19.456
494,0.47005,0.31338,19.496
495,0.46246,0.31538,19.535
496,0.46497,0.31807,19.576
497,0.46173,0.31513,19.614
498,0.46963,0.31304,19.654
499,0.46318,0.32049,19.691
500,0.46265,0.3131,19.73
501,0.46513,0.31175,19.769
502,0.46057,0.31696,19.811
503,0.46362,0.31436,19.85
504,0.46808,0.31286,19.89
505,0.47146,0.31809,19.93
506,0.46155,0.31,19.97
507,0.46909,0.3105,20.01
508,0.46476,0.31077,20.049
509,0.46339,0.31004,20.089
510,0.46543,0.31107,20.127
511,0.46595,0.31209,20.168
512,0.46333,0.31449,20.209
513,0.46758,0.31113,20.249
514,0.46506,0.31027,20.276
515,0.46529,0.31319,20.316
516,0.46845,0.31281,20.356
517,0.4719,0.31531,20.393
518,0.47638,0.32072,20.434
519,0.47466,0.32632,20.474
520,0.47336,0.32195,20.514
521,0.46868,0.31894,20.553
522,0.46689,0.31704,20.593
523,0.46669,0.30991,20.631
524,0.46225,0.30703,20.655
525,0.46636,0.31669,20.711
526,0.4711,0.31921,20.751
527,0.4695,0.31613,20.796
528,0.4695,0.31613,20.836
529,0.46752,0.31352,20.889
530,0.47573,0.32019,20.93
531,0.47001,0.31807,20.969
532,0.47126,0.31538,21.011
533,0.46042,0.31338,21.035
534,0.46802,0.3155,21.09
535,0.46075,0.31593,21.129
536,0.46473,0.31194,21.169
537,0.46619,0.31244,21.208
538,0.4641,0.3126,21.248
539,0.47163,0.32676,21.288
540,0.46766,0.31413,21.327
541,0.47,0.31851,21.367
542,0.49495,0.31948,21.405
543,0.51841,0.32978,21.445
544,0.51784,0.32469,21.484
545,0.51326,0.32843,21.523
546,0.51541,0.33376,21.562
547,0.52868,0.33407,21.599
548,0.54635,0.33617,21.637
549,0.51867,0.34092,21.67
550,0.44982,0.34854,21.718
551,0.36549,0.36468,21.744
553,0.25611,0.37586,21.821
554,0.25761,0.34782,21.843
555,0.17636,0.38325,21.899
556,0.24441,0.37967,21.939
557,0.27492,0.38454,21.979
558,0.41383,0.35201,22.019
559,0.4542,0.352,22.043
560,0.49417,0.34386,22.099
561,0.51266,0.33703,22.138
562,0.53257,0.34003,22.178
563,0.52887,0.32042,22.218
564,0.52524,0.32107,22.258
565,0.5276,0.29138,22.296
566,0.53861,0.29388,22.336
567,0.52543,0.27926,22.374
568,0.51269,0.28059,22.412
569,0.51004,0.26721,22.452
570,0.52876,0.25506,22.491
571,0.55708,0.25264,22.531
572,0.5585,0.24307,22.571
573,0.56791,0.22652,22.612
574,0.60533,0.20624,22.651
575,0.62083,0.20331,22.69
576,0.62858,0.19865,22.713
577,0.62856,0.19194,22.753
578,0.62262,0.18499,22.808
579,0.62973,0.19285,22.846
580,0.60072,0.17183,22.87
581,0.61481,0.16541,22.925
582,0.60571,0.16436,22.949
583,0.61245,0.16596,23.003
584,0.61884,0.16342,23.044
585,0.62594,0.15256,23.076
586,0.62395,0.15369,23.123
587,0.60938,0.16375,23.163
588,0.59935,0.15533,23.192
589,0.59443,0.15872,23.242
590,0.58554,0.14358,23.282
591,0.57741,0.14354,23.321
592,0.57452,0.14655,23.36
593,0.57913,0.14896,23.4
594,0.57403,0.1465,23.44
595,0.5698,0.14729,23.482
596,0.56432,0.14209,23.522
597,0.57107,0.13716,23.56
598,0.5716,0.15007,23.599
599,0.57556,0.14642,23.639
600,0.57814,0.14444,23.662
601,0.58162,0.14852,23.716
602,0.59285,0.15725,23.756
603,0.58834,0.14717,23.796
604,0.58681,0.14852,23.836
605,0.58533,0.14676,23.876
606,0.58007,0.14438,23.9
607,0.5869,0.14812,23.924
608,0.58583,0.15621,23.98
609,0.57842,0.15077,24.004
610,0.57772,0.15055,24.044
611,0.58306,0.16537,24.099
612,0.57997,0.17064,24.139
613,0.57286,0.15358,24.177
614,0.56519,0.15708,24.216
615,0.55466,0.14719,24.255
616,0.55561,0.15242,24.294
617,0.55042,0.15557,24.327
618,0.53052,0.1522,24.365
619,0.51155,0.14703,24.415
620,0.50533,0.14335,24.438
621,0.50929,0.16217,24.493
622,0.50341,0.15966,24.532
623,0.50436,0.14407,24.57
624,0.50424,0.12968,24.593
625,0.50671,0.12895,24.649
626,0.53882,0.14704,24.689
627,0.54967,0.14069,24.729
628,0.54543,0.13028,24.769
629,0.55527,0.1373,24.809
630,0.56065,0.15132,24.849
631,0.56197,0.14851,24.889
632,0.56591,0.14302,24.929
633,0.56785,0.14732,24.969
634,0.57512,0.16361,25.009
635,0.57577,0.14385,25.049
636,0.57242,0.13922,25.088
637,0.57445,0.14345,25.127
638,0.58212,0.14741,25.167
639,0.58348,0.14799,25.207
640,0.57979,0.13649,25.248
641,0.59528,0.14953,25.287
642,0.59091,0.14953,25.326
643,0.59624,0.14427,25.366
644,0.59773,0.15243,25.405
645,0.60128,0.14723,25.445
646,0.60373,0.15177,25.484
647,0.60073,0.1537,25.523
648,0.59586,0.14744,25.563
649,0.59721,0.15129,25.6
650,0.59755,0.1506,25.639
651,0.59785,0.14466,25.678
652,0.59983,0.15661,25.702
653,0.59723,0.15231,25.756
654,0.59925,0.15163,25.795
655,0.59665,0.15216,25.836
656,0.59369,0.15598,25.875
657,0.59768,0.15541,25.917
658,0.59114,0.14705,25.955
659,0.58897,0.14848,25.994
660,0.58112,0.14666,26.033
661,0.59362,0.14774,26.072
662,0.59923,0.15862,26.095
663,0.5976,0.15925,26.153
664,0.5965,0.15627,26.193
665,0.59445,0.15278,26.217
666,0.59479,0.15577,26.259
667,0.59643,0.15541,26.299
668,0.59386,0.14677,26.335
669,0.58616,0.15372,26.376
670,0.59099,0.15555,26.416
671,0.59551,0.16044,26.455
672,0.59662,0.16553,26.487
673,0.59209,0.16325,26.534
674,0.59562,0.15514,26.558
675,0.58209,0.14503,26.604
676,0.58962,0.15839,26.65
677,0.59223,0.16788,26.69
678,0.59137,0.16717,26.729
679,0.59625,0.16394,26.768
680,0.59145,0.16503,26.807
681,0.59478,0.16831,26.851
682,0.59626,0.16715,26.89
683,0.59046,0.16589,26.929
684,0.5925,0.15938,26.968
685,0.59406,0.15906,27.008
686,0.58893,0.16124,27.031
687,0.59286,0.16801,27.087
688,0.59835,0.16185,27.119
689,0.5916,0.16212,27.166
690,0.59712,0.16509,27.203
691,0.59207,0.16813,27.242
692,0.59541,0.17399,27.284
693,0.59677,0.17057,27.324
694,0.59196,0.15895,27.364
695,0.59461,0.15238,27.403
696,0.59623,0.15969,27.427
697,0.59919,0.16508,27.485
698,0.59185,0.15567,27.523
699,0.59268,0.1573,27.562
700,0.59337,0.15812,27.6
701,0.5981,0.15658,27.64
702,0.59685,0.16985,27.671
703,0.59815,0.16545,27.719
704,0.59187,0.15813,27.758
705,0.60138,0.17545,27.798
706,0.59446,0.16951,27.836
707,0.60527,0.16564,27.876
708,0.59637,0.16473,27.918
709,0.5971,0.15944,27.944
710,0.59849,0.16154,28.0
711,0.59923,0.16018,28.039
712,0.59931,0.16238,28.079
713,0.59541,0.16595,28.11
714,0.60091,0.16793,28.159
715,0.59899,0.16297,28.197
716,0.59514,0.16591,28.221
717,0.60247,0.17135,28.276
718,0.6022,0.16605,28.314
719,0.60221,0.1658,28.338
720,0.59815,0.15763,28.394
721,0.60037,0.16911,28.433
722,0.60135,0.15902,28.472
723,0.59848,0.16981,28.511
724,0.60277,0.1672,28.553
725,0.60192,0.15675,28.591
726,0.60226,0.15078,28.631
727,0.60486,0.16678,28.671
728,0.60068,0.16794,28.71
729,0.60212,0.154,28.749
730,0.59917,0.15929,28.787
731,0.59606,0.16243,28.825
732,0.60285,0.16069,28.864
733,0.59594,0.15094,28.904
734,0.59699,0.15698,28.944
735,0.60179,0.15508,28.986
736,0.5942,0.15486,29.025
737,0.60174,0.15894,29.049
738,0.60182,0.16075,29.103
739,0.59938,0.15567,29.136
740,0.59939,0.1635,29.182
741,0.60099,0.15252,29.222
742,0.59818,0.16594,29.261
743,0.59971,0.16133,29.301
744,0.59703,0.16059,29.34
745,0.60231,0.16198,29.364
746,0.59512,0.15911,29.421
747,0.59609,0.14834,29.459
748,0.59561,0.15962,29.495
749,0.595,0.16716,29.537
750,0.6034,0.15622,29.562
751,0.59222,0.14878,29.606
752,0.60339,0.16095,29.655
753,0.59175,0.15156,29.695
754,0.60193,0.15979,29.734
755,0.5985,0.15367,29.774
756,0.60193,0.15147,29.814
757,0.59638,0.15363,29.854
758,0.60155,0.15953,29.893
759,0.59651,0.14845,29.932
760,0.60107,0.16257,29.972
761,0.59366,0.14698,30.003
762,0.60293,0.14984,30.05
763,0.60416,0.15237,30.09
764,0.60568,0.16196,30.129
765,0.59725,0.15616,30.17
766,0.6006,0.14762,30.201
767,0.60212,0.16063,30.242
768,0.60082,0.1564,30.29
769,0.59855,0.15546,30.33
770,0.60046,0.16018,30.37
771,0.59715,0.15671,30.41
772,0.59639,0.15243,30.449
773,0.59943,0.15786,30.488
774,0.60491,0.15404,30.528
775,0.60312,0.15548,30.566
776,0.60005,0.15949,30.605
777,0.59996,0.15916,30.644
778,0.60235,0.15664,30.675
779,0.60013,0.16349,30.721
780,0.60169,0.15782,30.761
781,0.60227,0.15597,30.8
782,0.60478,0.15512,30.838
783,0.60478,0.15512,30.878
784,0.60554,0.15662,30.918
785,0.60516,0.15795,30.958
786,0.60487,0.16049,30.997
787,0.59881,0.1586,31.036
788,0.60211,0.15822,31.076
789,0.60355,0.15922,31.116
790,0.59995,0.16634,31.156
791,0.60397,0.1664,31.195
792,0.60623,0.17654,31.234
793,0.60584,0.17128,31.275
794,0.60368,0.1616,31.315
795,0.60564,0.1741,31.354
796,0.60656,0.17206,31.394
797,0.60687,0.16869,31.434
798,0.60501,0.17332,31.474
799,0.60168,0.16171,31.513
800,0.60116,0.16021,31.555
801,0.60582,0.16818,31.594
802,0.61154,0.16245,31.633
803,0.60715,0.16646,31.673
804,0.60721,0.1624,31.712
805,0.60667,0.16737,31.742
806,0.61323,0.17189,31.789
807,0.60427,0.16377,31.828
808,0.59988,0.16339,31.868
809,0.60557,0.16312,31.907
810,0.60256,0.1595,31.947
811,0.60962,0.16469,31.986
812,0.60486,0.15976,32.025
813,0.61046,0.16758,32.063
814,0.60367,0.16386,32.102
815,0.6121,0.16164,32.142
816,0.61736,0.16554,32.173
817,0.61211,0.16773,32.222
818,0.6045,0.16338,32.261
819,0.60994,0.15968,32.301
820,0.61073,0.1638,32.34
821,0.60846,0.15849,32.364
822,0.60153,0.16276,32.406
823,0.60663,0.16105,32.445
824,0.60396,0.16115,32.468
825,0.60796,0.16184,32.523
826,0.60542,0.15948,32.563
827,0.60857,0.16284,32.602
828,0.60323,0.16141,32.641
829,0.60451,0.17346,32.665
830,0.60159,0.16251,32.719
831,0.60847,0.16359,32.757
832,0.59674,0.15972,32.797
833,0.60126,0.16991,32.836
834,0.60893,0.16233,32.876
835,0.60159,0.16845,32.917
836,0.6053,0.16688,32.956
837,0.60512,0.15568,32.995
838,0.60507,0.16087,33.018
839,0.60196,0.16532,33.058
840,0.6037,0.16597,33.114
841,0.59816,0.15604,33.136
842,0.60287,0.16028,33.191
843,0.60214,0.16198,33.23
844,0.60206,0.16136,33.252
845,0.60323,0.16077,33.308
846,0.60021,0.16301,33.348
847,0.60073,0.1594,33.389
848,0.6003,0.15773,33.429
849,0.59983,0.15746,33.468
850,0.59999,0.15866,33.503
851,0.6004,0.15807,33.547
852,0.60054,0.15755,33.586
853,0.60073,0.15991,33.625
854,0.59516,0.17204,33.666
855,0.60455,0.16494,33.704
856,0.60367,0.16586,33.745
857,0.59624,0.16939,33.785
858,0.59128,0.16547,33.825
859,0.58312,0.15886,33.865
860,0.58385,0.15243,33.889
861,0.57602,0.14591,33.943
862,0.58,0.13699,33.982
863,0.58279,0.16683,34.005
864,0.57305,0.14936,34.044
865,0.57356,0.14635,34.085
866,0.59198,0.16135,34.125
867,0.57891,0.14872,34.155
868,0.58024,0.15486,34.204
869,0.59586,0.14297,34.226
870,0.59479,0.1348,34.282
871,0.59118,0.12206,34.325
872,0.60708,0.13727,34.364
873,0.59798,0.1315,34.403
874,0.59067,0.12953,34.442
875,0.60352,0.12989,34.473
876,0.5964,0.1336,34.521
877,0.54496,0.11982,34.545
878,0.54582,0.1179,34.599
879,0.54448,0.11066,34.638
880,0.53951,0.11499,34.676
881,0.54449,0.10585,34.705
882,0.55011,0.08852,34.754
883,0.54988,0.10848,34.778
884,0.54081,0.11003,34.831
885,0.54141,0.11478,34.87
886,0.52452,0.10309,34.909
887,0.52623,0.11536,34.934
888,0.50753,0.09596,34.992
889,0.51148,0.09878,35.031
890,0.50555,0.0861,35.055
891,0.51686,0.09492,35.11
892,0.51374,0.10628,35.15
893,0.5307,0.07115,35.189
894,0.55781,0.08671,35.229
895,0.56776,0.09157,35.267
896,0.56054,0.08668,35.306
897,0.55726,0.08691,35.346
898,0.55529,0.08396,35.379
899,0.54913,0.06995,35.426
900,0.5485,0.06785,35.466
901,0.53321,0.04991,35.506
902,0.54422,0.08779,35.546
903,0.54303,0.08482,35.586
904,0.52538,0.04861,35.626
905,0.52016,0.07433,35.65
906,0.51308,0.07184,35.688
907,0.51453,0.06241,35.711
908,0.51989,0.06075,35.767
909,0.52243,0.07998,35.79
910,0.52275,0.0508,35.843
911,0.52195,0.06517,35.884
912,0.52372,0.08698,35.926
913,0.50777,0.05755,35.966
914,0.50731,0.04833,35.988
915,0.50412,0.04166,36.043
916,0.50474,0.04229,36.082
917,0.50739,0.02714,36.121
918,0.50872,0.03114,36.159
919,0.49523,0.05329,36.201
920,0.50352,0.05773,36.241
921,0.51302,0.0254,36.281
922,0.5145,0.01863,36.32
923,0.51364,0.0207,36.359
924,0.49775,0.04951,36.398
925,0.49283,0.03658,36.437
926,0.49458,0.05583,36.476
927,0.49622,0.05314,36.516
928,0.4997,0.05143,36.539
929,0.49526,0.06716,36.594
930,0.48774,0.06233,36.634
931,0.48508,0.05087,36.672
932,0.48731,0.0471,36.707
933,0.48721,0.04931,36.749
934,0.48864,0.06356,36.789
935,0.49383,0.06488,36.829
936,0.49304,0.04318,36.865
937,0.48697,0.05391,36.896
938,0.48675,0.06233,36.944
939,0.49158,0.04461,36.984
940,0.49837,0.03853,37.023
941,0.49329,0.04714,37.062
942,0.49804,0.06009,37.101
943,0.49008,0.05774,37.14
944,0.49515,0.04565,37.179
945,0.50078,0.04372,37.218
946,0.48767,0.05801,37.257
947,0.49396,0.05115,37.296
948,0.49099,0.06726,37.319
949,0.49109,0.05956,37.374
950,0.49119,0.04854,37.414
951,0.49426,0.05342,37.453
952,0.49645,0.0414,37.493
953,0.49141,0.05821,37.516
954,0.49452,0.05381,37.555
955,0.48985,0.05415,37.612
956,0.48731,0.05883,37.651
957,0.4913,0.04946,37.69
958,0.48454,0.05694,37.73
959,0.49018,0.05491,37.77
960,0.4906,0.05123,37.809
961,0.49225,0.06205,37.848
962,0.49307,0.05045,37.887
963,0.49603,0.04637,37.912
964,0.48982,0.05112,37.966
965,0.48399,0.06384,37.99
966,0.4889,0.04799,38.038
967,0.4889,0.04518,38.086
968,0.48668,0.05025,38.125
969,0.4917,0.05613,38.147
970,0.48697,0.03968,38.187
971,0.48355,0.04813,38.229
972,0.48906,0.03953,38.269
973,0.48577,0.04902,38.309
974,0.48074,0.04915,38.34
975,0.48328,0.05796,38.387
976,0.48307,0.04499,38.428
977,0.49078,0.05466,38.451
978,0.49349,0.07272,38.49
979,0.49304,0.06139,38.529
980,0.48647,0.05655,38.552
981,0.48247,0.05661,38.607
982,0.48533,0.05507,38.63
983,0.48735,0.03015,38.685
984,0.48855,0.04985,38.709
985,0.48617,0.03964,38.765
986,0.49026,0.06121,38.804
987,0.48803,0.05367,38.844
988,0.48766,0.05762,38.884
989,0.48682,0.05812,38.923
990,0.48859,0.05699,38.947
991,0.48806,0.04155,39.003
992,0.4785,0.05516,39.026
993,0.48166,0.04425,39.081
994,0.47909,0.05354,39.12
995,0.49357,0.03817,39.16
996,0.48688,0.04795,39.198
997,0.48634,0.03909,39.237
998,0.48953,0.0462,39.277
999,0.47999,0.05372,39.317
1000,0.48554,0.05708,39.356
1001,0.48081,0.06017,39.394
1002,0.48339,0.05559,39.434
1003,0.48473,0.04345,39.473
1004,0.48327,0.04195,39.512
1005,0.47866,0.05005,39.552
1006,0.48361,0.04942,39.592
1007,0.47876,0.05738,39.63
1008,0.47614,0.05545,39.669
1009,0.47679,0.05603,39.708
1010,0.48129,0.05353,39.747
1011,0.48169,0.02872,39.788
1012,0.4845,0.05547,39.828
1013,0.4819,0.05172,39.868
1014,0.47341,0.05164,39.907
1015,0.47887,0.05329,39.93
1016,0.48314,0.0559,39.983
1017,0.48226,0.04913,40.022
1018,0.47462,0.05073,40.063
1019,0.48304,0.04262,40.086
1020,0.47687,0.04271,40.14
1021,0.48801,0.05418,40.179
1022,0.48043,0.04432,40.218
1023,0.48457,0.04082,40.26
1024,0.48167,0.03677,40.298
1025,0.48305,0.03893,40.338
1026,0.48603,0.03713,40.377
1027,0.47851,0.04438,40.417
1028,0.48146,0.04354,40.457
1029,0.48799,0.06719,40.497
1030,0.48228,0.03458,40.536
1031,0.47842,0.04524,40.576
1032,0.48172,0.05251,40.611
1033,0.48343,0.04807,40.657
1034,0.48373,0.0336,40.697
1035,0.48642,0.05667,40.737
1036,0.48306,0.05724,40.776
1037,0.48212,0.02964,40.812
1038,0.48309,0.0314,40.854
1039,0.48488,0.02454,40.894
1040,0.48686,0.01853,40.933
1041,0.48559,0.04165,40.973
1042,0.48843,0.03232,41.012
1043,0.48852,0.04077,41.051
1044,0.48774,0.04231,41.092
1045,0.48888,0.03801,41.132
1046,0.4858,0.02658,41.172
1047,0.48292,0.04004,41.211
1048,0.48588,0.03199,41.25
1049,0.49011,0.04797,41.289
1050,0.4842,0.05021,41.328
1051,0.48613,0.0357,41.367
1052,0.49177,0.03903,41.406
1053,0.48838,0.02534,41.446
1054,0.4956,0.0483,41.484
1055,0.48872,0.04588,41.525
1056,0.48574,0.05185,41.566
1057,0.48642,0.03612,41.59
1058,0.49555,0.02825,41.615
1059,0.48651,0.03282,41.655
1060,0.48977,0.03081,41.694
1061,0.487,0.03861,41.733
1062,0.4864,0.05582,41.757
1063,0.4867,0.04384,41.812
1064,0.48633,0.04287,41.851
1065,0.48543,0.03434,41.89
1066,0.48528,0.04348,41.933
1067,0.48518,0.03321,41.963
1068,0.48769,0.04799,42.01
1069,0.48062,0.02832,42.05
1070,0.48698,0.05597,42.09
1071,0.47982,0.03115,42.133
1072,0.49013,0.04821,42.156
1073,0.48186,0.04784,42.21
1074,0.48736,0.05498,42.251
1075,0.4849,0.05175,42.29
1076,0.48553,0.04912,42.329
1077,0.48002,0.05358,42.368
1078,0.48296,0.05388,42.409
1079,0.48155,0.02918,42.447
1080,0.47861,0.06008,42.485
1081,0.4844,0.05543,42.526
1082,0.48234,0.05202,42.558
1083,0.48563,0.05366,42.605
1084,0.48051,0.05012,42.643
1085,0.48166,0.0579,42.685
1086,0.47887,0.0484,42.723
1087,0.48106,0.05491,42.761
1088,0.48023,0.04453,42.802
1089,0.47983,0.03465,42.841
1090,0.48188,0.03783,42.881
1091,0.48336,0.03399,42.921
1092,0.48504,0.05167,42.945
1093,0.48048,0.06258,43.001
1094,0.4814,0.03821,43.04
1095,0.47777,0.05816,43.079
1096,0.47951,0.03796,43.119
1097,0.48292,0.05518,43.143
1098,0.47975,0.04565,43.202
1099,0.4886,0.0637,43.24
1100,0.48337,0.03707,43.28
1101,0.48336,0.0519,43.319
1102,0.47404,0.03578,43.358
1103,0.48057,0.04485,43.397
1104,0.47127,0.04901,43.436
1105,0.46995,0.05566,43.459
1106,0.46575,0.04881,43.499
1107,0.46403,0.04887,43.554
1108,0.46834,0.08152,43.592
1109,0.46173,0.07206,43.634
1110,0.47286,0.09014,43.674
1111,0.46098,0.09741,43.715
1112,0.44434,0.09186,43.753
1113,0.44244,0.07821,43.794
1114,0.43873,0.09385,43.819
1115,0.4302,0.10068,43.859
1116,0.42757,0.12975,43.9
1117,0.45133,0.14804,43.939
1118,0.44298,0.15102,43.978
1119,0.44134,0.1603,44.016
1120,0.44092,0.17698,44.054
1121,0.43071,0.17153,44.079
1122,0.42076,0.18027,44.117
1123,0.41587,0.18715,44.139
1124,0.41134,0.19536,44.196
1125,0.39784,0.19155,44.235
1126,0.38945,0.20055,44.274
1127,0.41857,0.21739,44.313
1128,0.44117,0.20985,44.352
1129,0.45168,0.22743,44.391
1130,0.46243,0.23623,44.429
1131,0.47009,0.22626,44.469
1132,0.48986,0.24677,44.51
1133,0.51114,0.25258,44.549
1134,0.49033,0.26954,44.59
1135,0.4671,0.27837,44.616
1136,0.35886,0.25539,44.668
1137,0.26133,0.21018,44.708
1138,0.29339,0.22097,44.746
1139,0.28939,0.21523,44.786
1140,0.32098,0.19612,44.826
1141,0.36781,0.21301,44.849
1142,0.34622,0.21674,44.888
1143,0.35643,0.22578,44.943
1144,0.34675,0.21375,44.982
1145,0.33552,0.20751,45.022
1146,0.31828,0.20698,45.06
1147,0.31646,0.20053,45.102
1148,0.30537,0.19706,45.142
1149,0.32238,0.20279,45.165
1150,0.32018,0.20671,45.22
1151,0.32536,0.18514,45.26
1152,0.34951,0.19713,45.302
1153,0.34689,0.20491,45.341
1154,0.34315,0.20163,45.364
1155,0.34838,0.19376,45.42
1156,0.35963,0.20439,45.46
1157,0.38256,0.21888,45.5
1158,0.38654,0.21878,45.539
1159,0.37712,0.22062,45.578
1160,0.36381,0.21806,45.618
1161,0.35004,0.221,45.642
1162,0.36003,0.22031,45.682
1163,0.35347,0.21707,45.722
1164,0.35069,0.22579,45.754
1165,0.34856,0.21841,45.801
1166,0.34636,0.21414,45.825
1167,0.34776,0.21603,45.88
1168,0.35374,0.21474,45.919
1169,0.35099,0.21818,45.959
1170,0.35525,0.21664,45.998
1171,0.36182,0.22486,46.038
1172,0.3642,0.2246,46.077
1173,0.3693,0.21471,46.117
1174,0.36556,0.22446,46.158
1175,0.35472,0.21904,46.198
1176,0.36054,0.22101,46.237
1177,0.36933,0.21811,46.275
1178,0.36165,0.2144,46.3
1179,0.353,0.2077,46.355
1180,0.35326,0.20987,46.394
1181,0.3422,0.19858,46.435
1182,0.3567,0.19785,46.459
1183,0.36274,0.20675,46.498
1184,0.36554,0.20999,46.552
1185,0.36124,0.2107,46.592
1186,0.36414,0.21552,46.618
1187,0.36424,0.21572,46.656
1188,0.36365,0.21034,46.696
1189,0.36582,0.22061,46.739
1190,0.37014,0.2156,46.778
1191,0.35759,0.21668,46.817
1192,0.35592,0.21159,46.857
1193,0.35937,0.21088,46.896
1194,0.3674,0.21216,46.933
1195,0.36707,0.21184,46.973
1196,0.36965,0.21238,47.012
1197,0.37696,0.20801,47.044
1198,0.38844,0.21656,47.091
1199,0.37763,0.20647,47.13
1200,0.3819,0.20831,47.172
1201,0.38397,0.20939,47.21
1202,0.37293,0.21385,47.249
1203,0.36636,0.20842,47.288
1204,0.37345,0.20715,47.328
1205,0.38269,0.20542,47.37
1206,0.39189,0.20151,47.409
1207,0.38271,0.2013,47.449
1208,0.37024,0.20226,47.488
1209,0.3708,0.19813,47.527
1210,0.38464,0.19955,47.551
1211,0.38365,0.19256,47.591
1212,0.39332,0.19907,47.645
1213,0.38256,0.19622,47.684
1214,0.38262,0.19067,47.721
1215,0.38551,0.18975,47.761
1216,0.39463,0.18812,47.8
1217,0.40063,0.18491,47.823
1218,0.39669,0.19073,47.879
1219,0.38753,0.18913,47.917
1220,0.38713,0.19052,47.957
1221,0.38719,0.19151,47.997
1222,0.38868,0.18473,48.038
1223,0.40072,0.18978,48.078
1224,0.38335,0.18542,48.112
1225,0.37722,0.18877,48.16
1226,0.38173,0.1947,48.191
1227,0.37675,0.1909,48.238
1228,0.39259,0.19083,48.278
1229,0.38203,0.18949,48.318
1230,0.36908,0.19289,48.358
1231,0.38409,0.19548,48.398
1232,0.38016,0.19098,48.438
1233,0.37761,0.18802,48.478
1234,0.37409,0.1839,48.502
1235,0.38128,0.18933,48.542
1236,0.38306,0.18977,48.598
1237,0.37915,0.1851,48.638
1238,0.37036,0.1896,48.662
1239,0.38135,0.19621,48.718
1240,0.37613,0.19589,48.757
1241,0.37472,0.19903,48.784
1242,0.37272,0.19877,48.822
1243,0.37082,0.19998,48.862
1244,0.36121,0.20052,48.901
1245,0.35988,0.19426,48.939
1246,0.34613,0.20032,48.979
1247,0.35185,0.20708,49.001
1248,0.34254,0.20541,49.056
1249,0.32091,0.19714,49.076
1250,0.31177,0.20427,49.12
1251,0.31625,0.19843,49.17
1252,0.33544,0.19789,49.209
1253,0.35678,0.20265,49.24
1254,0.37807,0.19799,49.288
1255,0.37399,0.19953,49.328
1256,0.36974,0.20209,49.351
1257,0.36954,0.20492,49.406
1258,0.37288,0.20204,49.446
1259,0.36715,0.19388,49.486
1260,0.37679,0.19838,49.523
1261,0.38147,0.19157,49.574
1262,0.38158,0.19044,49.613
1263,0.37937,0.18849,49.637
1264,0.37643,0.18517,49.676
1265,0.38026,0.18512,49.715
1266,0.38089,0.18627,49.754
1267,0.37267,0.18723,49.794
1268,0.3717,0.18594,49.833
1269,0.37175,0.18864,49.873
1270,0.36363,0.18657,49.913
1271,0.36834,0.19239,49.95
1272,0.36834,0.19239,49.99
1273,0.37317,0.19104,50.03
1274,0.3677,0.19037,50.053
1275,0.37225,0.19293,50.108
1276,0.36122,0.18618,50.176
1277,0.36193,0.18643,50.215
1278,0.36193,0.18643,50.239
1279,0.36555,0.18956,50.294
1280,0.37129,0.19114,50.334
1281,0.37129,0.19114,50.374
1282,0.36897,0.19115,50.413
1283,0.36543,0.19317,50.434
1284,0.36543,0.19317,50.49
1285,0.373,0.19779,50.53
1286,0.36953,0.19064,50.568
1287,0.36953,0.19064,50.608
1288,0.37372,0.19445,50.639
1289,0.35968,0.18981,50.687
1290,0.36842,0.19385,50.726
1291,0.36753,0.18647,50.758
1292,0.36535,0.1899,50.801
1293,0.36192,0.19507,50.843
1294,0.3668,0.19313,50.875
1295,0.35945,0.19653,50.923
1296,0.37166,0.20226,50.962
1297,0.36672,0.19578,50.985
1298,0.37195,0.19853,51.024
1299,0.37521,0.1971,51.064
1300,0.36546,0.19622,51.103
1301,0.36665,0.19747,51.142
1302,0.36635,0.19537,51.181
1303,0.37352,0.19737,51.205
1304,0.37099,0.19679,51.26
1305,0.36938,0.20076,51.3
1306,0.3722,0.20205,51.34
1307,0.3608,0.20052,51.379
1308,0.35929,0.19789,51.419
1309,0.37275,0.19634,51.443
1310,0.36537,0.19901,51.498
1311,0.37377,0.19459,51.538
1312,0.37286,0.19651,51.578
1313,0.36823,0.19771,51.62
1314,0.36753,0.19483,51.659
1315,0.36576,0.19736,51.699
1316,0.37444,0.19452,51.74
1317,0.36827,0.19754,51.78
1318,0.36654,0.19433,51.819
1319,0.37381,0.18554,51.842
1320,0.3449,0.17412,51.883
1321,0.34094,0.1683,51.922
1322,0.25093,0.17223,51.953
1323,0.23426,0.12217,52.001
1324,0.38621,0.21094,52.04
1325,0.39061,0.20413,52.08
1326,0.39254,0.20325,52.119
1327,0.39319,0.20491,52.16
1328,0.39739,0.20286,52.199
1329,0.39275,0.20078,52.223
1330,0.3999,0.20256,52.278
1331,0.39871,0.20111,52.317
1332,0.39702,0.20323,52.356
1333,0.39521,0.20468,52.395
1334,0.39792,0.20318,52.435
1335,0.39866,0.20324,52.46
1336,0.39814,0.20307,52.515
1337,0.39558,0.2017,52.554
1338,0.39601,0.20269,52.593
1339,0.39954,0.20296,52.632
1340,0.39953,0.20114,52.67
1341,0.39589,0.20162,52.71
1342,0.39901,0.20453,52.75
1343,0.39627,0.20528,52.789
1344,0.39706,0.20223,52.829
1345,0.39716,0.20364,52.866
1346,0.39696,0.20378,52.91
1347,0.39514,0.20156,52.933
1348,0.39664,0.20589,52.987
1349,0.39343,0.20101,53.025
1350,0.39678,0.20338,53.056
1351,0.39223,0.19871,53.103
1352,0.39818,0.20575,53.142
1353,0.40064,0.20463,53.182
1354,0.39644,0.20221,53.22
1355,0.39835,0.20393,53.25
1356,0.39792,0.2035,53.299
1357,0.39701,0.20367,53.339
1358,0.39345,0.2028,53.378
1359,0.40049,0.20282,53.418
1360,0.39422,0.2028,53.456
1361,0.39401,0.2022,53.496
1362,0.39572,0.20551,53.536
1363,0.3989,0.20553,53.576
1364,0.40006,0.20658,53.615
1365,0.39738,0.20339,53.654
1366,0.39839,0.20645,53.694
1367,0.39951,0.20675,53.733
1368,0.39534,0.20587,53.773
1369,0.3992,0.20601,53.812
1370,0.39859,0.20488,53.852
1371,0.39685,0.20548,53.891
1372,0.39831,0.20455,53.929
1373,0.39715,0.20334,53.968
1374,0.39947,0.20391,54.01
1375,0.39922,0.20471,54.05
1376,0.39589,0.2048,54.074
1377,0.40027,0.20262,54.129
1378,0.39731,0.20249,54.153
1379,0.39376,0.2042,54.195
1380,0.39576,0.2049,54.25
1381,0.39464,0.20485,54.289
1382,0.39978,0.20364,54.328
1383,0.39501,0.2035,54.368
1384,0.39645,0.20583,54.407
1385,0.39691,0.20487,54.445
1386,0.39669,0.20361,54.485
1387,0.3965,0.20302,54.524
1388,0.39511,0.20311,54.563
1389,0.39505,0.20255,54.602
1390,0.39701,0.20558,54.641
1391,0.39508,0.20511,54.679
1392,0.39864,0.20574,54.719
1393,0.39539,0.20342,54.757
1394,0.39568,0.2036,54.797
1395,0.39726,0.20263,54.836
1396,0.39431,0.20372,54.875
1397,0.39617,0.20274,54.899
1398,0.39517,0.20417,54.953
1399,0.39611,0.20551,54.991
1400,0.3973,0.20598,55.026
1401,0.39764,0.2042,55.071
1402,0.39873,0.20549,55.112
1403,0.40035,0.20516,55.143
1404,0.40181,0.20602,55.19
1405,0.39647,0.2048,55.227
1406,0.39938,0.20664,55.27
1407,0.39924,0.20827,55.308
1408,0.40021,0.20618,55.347
1409,0.39855,0.20621,55.387
1410,0.39727,0.20564,55.427
1411,0.3975,0.20523,55.466
1412,0.39621,0.20503,55.506
1413,0.39566,0.20489,55.537
1414,0.39508,0.20378,55.584
1415,0.39482,0.20371,55.608
1416,0.3949,0.20351,55.662
1417,0.39786,0.20581,55.702
1418,0.39663,0.20544,55.728
1419,0.39723,0.20563,55.765
1420,0.39585,0.20212,55.82
1421,0.39595,0.20483,55.858
1422,0.39498,0.20506,55.898
1423,0.40068,0.20603,55.938
1424,0.39558,0.20441,55.972
1425,0.39785,0.20461,56.018
1426,0.3981,0.20331,56.059
1427,0.39705,0.20324,56.098
1428,0.39624,0.20187,56.138
1429,0.39385,0.20054,56.18
1430,0.39051,0.19972,56.204
1431,0.394,0.19955,56.244
1432,0.39636,0.20105,56.284
1433,0.39314,0.20238,56.322
1434,0.39563,0.20456,56.363
1435,0.39477,0.2033,56.401
1436,0.39078,0.19977,56.441
1437,0.38403,0.19849,56.481
1438,0.39157,0.20126,56.52
1439,0.39135,0.20105,56.56
1440,0.39673,0.20432,56.6
1441,0.39863,0.20203,56.638
1442,0.40417,0.2038,56.68
1443,0.39682,0.20543,56.72
1444,0.3908,0.20795,56.759
1445,0.39169,0.20717,56.799
1446,0.38917,0.2065,56.839
1447,0.38253,0.20609,56.88
1448,0.38765,0.20696,56.918
1449,0.38377,0.20664,56.957
1450,0.3811,0.20474,56.996
1451,0.37397,0.20085,57.035
1452,0.37487,0.20316,57.074
1453,0.36913,0.19864,57.114
1454,0.36311,0.19342,57.153
1455,0.36555,0.19014,57.193
1456,0.364,0.19901,57.233
1457,0.36849,0.19911,57.272
1458,0.36099,0.19673,57.314
1459,0.35509,0.20288,57.355
1460,0.35725,0.20209,57.393
1461,0.36094,0.20411,57.433
1462,0.35996,0.20266,57.472
1463,0.36006,0.20446,57.495
1464,0.3559,0.20409,57.549
1465,0.35062,0.19881,57.575
1466,0.35611,0.19883,57.614
1467,0.35067,0.19702,57.655
1468,0.36029,0.2044,57.679
1469,0.35706,0.19585,57.717
1470,0.3612,0.20093,57.755
1471,0.35842,0.20524,57.793
1472,0.34697,0.19888,57.833
1473,0.35133,0.19949,57.873
1474,0.35367,0.2002,57.914
1475,0.35475,0.19792,57.953
1476,0.35475,0.19792,57.994
1477,0.35652,0.2026,58.033
1478,0.35652,0.2026,58.073
1479,0.35937,0.20642,58.114
1480,0.35151,0.2004,58.154
1481,0.35387,0.2011,58.178
1482,0.36063,0.21121,58.23
1483,0.35726,0.22071,58.271
1484,0.37183,0.22136,58.311
1485,0.37135,0.20408,58.352
1486,0.38163,0.20933,58.392
1487,0.38809,0.21263,58.432
1488,0.3745,0.2132,58.472
1489,0.38821,0.21257,58.51
1490,0.38304,0.2126,58.549
1491,0.38115,0.20912,58.588
1492,0.38264,0.20873,58.628
1493,0.38214,0.21336,58.667
1494,0.38047,0.21039,58.706
1495,0.37899,0.21254,58.748
